유형,법정동,중학생,고등학생,잠정고객수,학원수,아파트세대수
메가타겟,대구 수성구 수성1가동 행정복지센터,12029,12996,1251,681,137736
메가타겟,경기 수원시 팔달구 인계동 행정복지센터,11265,13640,1245,304,108158
메가타겟,경기 수원시 영통구 매탄1동 행정복지센터,10526,14315,1242,265,96256
메가타겟,대구 수성구 수성2·3가동 행정복지센터,12394,12434,1241,766,114704
메가타겟,대구 수성구 중동 행정복지센터,11950,12803,1238,567,70881
메가타겟,경기 수원시 팔달구 지동 행정복지센터,8978,15247,1211,297,130827
메가타겟,경기 수원시 팔달구 우만1동 행정복지센터,9586,14408,1200,259,119163
메가타겟,대구 수성구 황금2동 행정복지센터,12559,11406,1198,753,93163
메가타겟,경기 광명시 광명1동 행정복지센터,11568,11728,1165,377,143062
메가타겟,경기 수원시 팔달구 우만2동 행정복지센터,9983,13134,1156,275,95347
메가타겟,경기 수원시 영통구 망포1동 행정복지센터,11032,12022,1153,567,109208
메가타겟,대구 수성구 범어2동 행정복지센터,11737,10723,1123,711,99013
메가타겟,대구 중구 대봉2동 행정복지센터,8989,13316,1115,687,149103
메가타겟,대구 수성구 범어3동 행정복지센터,11213,11063,1114,816,124472
메가타겟,대구 남구 대명3동 행정복지센터,8436,13611,1102,269,71083
메가타겟,대전 중구 은행선화동 행정복지센터,9461,12520,1099,244,96893
메가타겟,대구 수성구 수성4가동 행정복지센터,11044,10474,1076,857,137398
메가타겟,경기 수원시 팔달구 매교동 행정복지센터,7316,14076,1070,291,97536
메가타겟,부산 동래구 안락제1동 행정복지센터,11447,9849,1065,485,126653
메가타겟,경기 고양시 일산동구 중산2동 행정복지센터,10974,10292,1063,394,139693
메가타겟,부산 동래구 명장제2동 행정복지센터,10852,10367,1061,497,84905
메가타겟,대구 동구 신천4동 행정복지센터,11354,9761,1056,772,123529
메가타겟,대구 중구 대봉1동 행정복지센터,8747,12294,1052,672,145288
메가타겟,대구 수성구 만촌1동 행정복지센터,10555,10466,1051,716,105185
메가타겟,경기 광명시 광명2동 행정복지센터,10137,10884,1051,317,138408
메가타겟,인천 미추홀구 주안5동 행정복지센터,11195,9797,1050,288,103549
메가타겟,대구 수성구 범어1동 행정복지센터,11725,9230,1048,760,112899
메가타겟,인천 미추홀구 주안1동 행정복지센터,10389,10507,1045,327,96671
메가타겟,경기 하남시 미사1동 행정복지센터,9758,11082,1042,179,94719
메가타겟,경기 화성시 동탄6동 행정복지센터,11833,9008,1042,189,87189
메가타겟,경기 부천시 오정구 고강본동 행정복지센터,10963,9797,1038,593,49483
메가타겟,경기 광명시 광명5동 행정복지센터,10774,9899,1034,274,91784
메가타겟,경기 고양시 일산서구 일산2동 행정복지센터,10229,10361,1030,267,101916
메가타겟,경기 고양시 일산서구 덕이동 행정복지센터,10972,9578,1028,240,111780
메가타겟,대구 남구 이천동 행정복지센터,8464,11982,1022,689,115257
메가타겟,대구 수성구 범어4동 행정복지센터,10683,9746,1021,655,74249
메가타겟,경기 고양시 일산서구 대화동 행정복지센터,10685,9719,1020,267,101916
메가타겟,인천 남동구 간석2동 행정복지센터,11285,9053,1017,309,101368
메가타겟,대구 중구 남산3동 행정복지센터,8715,11535,1012,332,102119
메가타겟,대전 동구 삼성동 행정복지센터,9719,10501,1011,185,76689
메가타겟,경기 고양시 일산동구 정발산동 행정복지센터,9866,10354,1011,354,129261
메가타겟,대구 남구 대명4동 행정복지센터,7518,12624,1007,268,81340
메가타겟,경기 성남시 분당구 구미1동 행정복지센터,10341,9755,1005,240,91749
메가타겟,부산 동래구 명장제1동 행정복지센터,10310,9763,1004,481,101307
메가타겟,대구 중구 남산4동 행정복지센터,8101,11977,1004,319,97728
메가타겟,인천 미추홀구 주안2동 행정복지센터,9245,10823,1003,304,77949
메가타겟,인천 연수구 옥련1동 행정복지센터,9007,10912,996,91,52518
메가타겟,대구 중구 남산1동 행정복지센터,8385,11397,989,346,98046
메가타겟,인천 미추홀구 도화1동 행정복지센터,9643,10123,988,327,96671
메가타겟,인천 부평구 십정2동 행정복지센터,11356,8342,985,334,146685
메가타겟,인천 미추홀구 용현3동 행정복지센터,9751,9935,984,310,82054
메가타겟,경기 고양시 일산서구 탄현1동 행정복지센터,10099,9511,980,290,113485
메가타겟,인천 남동구 간석4동 행정복지센터,11249,8301,978,332,108357
메가타겟,대전 중구 오류동 행정복지센터,8808,10726,977,234,87779
메가타겟,경기 고양시 일산서구 일산3동 행정복지센터,9752,9767,976,353,125598
메가타겟,경기 화성시 동탄9동 행정복지센터,11028,8475,975,135,88144
메가타겟,인천 남동구 구월2동 행정복지센터,10705,8691,970,319,108711
메가타겟,경기 안양시 동안구 비산1동 행정복지센터,8151,11243,970,216,115113
메가타겟,경기 고양시 일산서구 일산1동 행정복지센터,9689,9646,967,267,101916
메가타겟,대구 서구 내당2·3동 행정복지센터,7479,11775,963,272,91054
메가타겟,경기 부천시 소사구 송내2동 행정복지센터,8239,10940,959,376,109785
메가타겟,인천 남동구 구월1동 행정복지센터,10411,8651,953,241,102556
메가타겟,인천 미추홀구 용현5동 행정복지센터,8222,10755,949,148,55323
메가타겟,인천 남동구 간석3동 행정복지센터,10595,8296,945,309,117737
메가타겟,대전 동구 중앙동 행정복지센터,6531,12346,944,175,75503
메가타겟,대구 중구 성내3동 행정복지센터,8412,10432,942,321,99254
메가타겟,대구 남구 대명6동 행정복지센터,6558,12245,940,163,52712
메가타겟,부산 금정구 부곡1동 행정복지센터,7995,10686,934,380,75491
메가타겟,대구 남구 대명11동 행정복지센터,6776,11914,934,199,81475
메가타겟,경기 부천시 원미구 춘의동 행정복지센터,9912,8777,934,402,96879
메가타겟,인천 미추홀구 주안4동 행정복지센터,9273,9313,929,290,99745
메가타겟,대전 중구 대흥동 행정복지센터,7171,11307,924,185,87273
메가타겟,인천 미추홀구 용현1·4동 행정복지센터,8107,10375,924,220,62671
메가타겟,인천 미추홀구 용현2동 행정복지센터,7648,10803,923,171,69869
메가타겟,대전 중구 대사동 행정복지센터,6944,11481,921,173,72176
메가타겟,인천 미추홀구 학익2동 행정복지센터,8869,9531,920,365,112128
메가타겟,경기 고양시 일산서구 주엽1동 행정복지센터,9133,9272,920,330,112712
메가타겟,부산 금정구 부곡4동 행정복지센터,8001,10313,916,395,93132
메가타겟,인천 부평구 십정1동 행정복지센터,10294,8028,916,331,115974
메가타겟,대구 남구 대명2동 행정복지센터,7381,10829,910,333,94753
메가타겟,부산 금정구 서2동 행정복지센터,9173,8924,905,414,84905
메가타겟,부산 금정구 서3동 행정복지센터,9173,8924,905,414,93132
메가타겟,대구 서구 내당1동 행정복지센터,7081,11010,905,246,83906
메가타겟,부산 금정구 서1동 행정복지센터,8374,9716,904,414,93132
메가타겟,부산 동래구 안락제2동 행정복지센터,9374,8714,904,234,65742
메가타겟,인천 남동구 간석1동 행정복지센터,9552,8521,904,262,82201
메가타겟,대전 중구 태평2동 행정복지센터,8473,9563,902,259,93346
메가타겟,인천 미추홀구 숭의4동 행정복지센터,7648,10388,902,241,69869
메가타겟,충남 천안시 동남구 문성동 행정복지센터,10113,7853,898,146,79290
메가타겟,충남 천안시 서북구 부성1동 행정복지센터,8221,9721,897,142,64693
메가타겟,경기 수원시 권선구 권선2동 행정복지센터,9012,8903,896,208,73880
메가타겟,대전 동구 신인동 행정복지센터,7212,10673,894,185,77449
메가타겟,대구 달서구 두류1·2동 행정복지센터,6799,11010,890,275,91101
메가타겟,인천 미추홀구 주안3동 행정복지센터,9636,8138,889,310,82054
메가타겟,경기 수원시 권선구 곡선동 행정복지센터,10397,7333,886,184,90666
메가타겟,인천 미추홀구 주안6동 행정복지센터,9215,8401,881,290,99745
메가타겟,경기 고양시 일산동구 중산1동 행정복지센터,9058,8524,879,267,101916
메가타겟,광주 북구 임동 행정복지센터,7556,10007,878,309,93953
메가타겟,경기 고양시 일산서구 탄현2동 행정복지센터,10212,7357,878,231,102628
메가타겟,경기 화성시 동탄5동 행정복지센터,10369,7150,876,158,72247
메가타겟,대구 수성구 만촌2동 행정복지센터,9289,8180,873,615,65995
메가타겟,인천 미추홀구 문학동 행정복지센터,9390,8075,873,194,84034
메가타겟,광주 서구 농성1동 행정복지센터,7732,9731,873,333,101108
메가타겟,광주 서구 양동 행정복지센터,7415,10037,873,360,95349
메가타겟,광주 서구 풍암동 행정복지센터,8924,8532,873,317,89650
메가타겟,대전 중구 석교동 행정복지센터,7385,10040,871,130,63160
메가타겟,인천 미추홀구 숭의1·3동 행정복지센터,7958,9470,871,177,73188
메가타겟,인천 미추홀구 숭의2동 행정복지센터,7958,9470,871,177,73188
메가타겟,인천 미추홀구 도화2·3동 행정복지센터,6155,11178,867,269,104453
메가타겟,대구 달서구 두류3동 행정복지센터,6964,10348,866,334,106151
메가타겟,인천 서구 원당동 행정복지센터,9487,7773,863,203,97631
메가타겟,대구 서구 내당4동 행정복지센터,7118,10015,857,281,91263
메가타겟,경기 부천시 원미구 상동 행정복지센터,7694,9423,856,318,28295
메가타겟,경기 부천시 원미구 역곡1동 행정복지센터,7694,9423,856,318,28295
메가타겟,경기 부천시 원미구 역곡2동 행정복지센터,7694,9423,856,318,28295
메가타겟,대전 동구 대동 행정복지센터,6345,10735,854,135,66752
메가타겟,대구 동구 신암3동 행정복지센터,7369,9688,853,745,119479
메가타겟,인천 미추홀구 주안8동 행정복지센터,9537,7495,852,295,103399
메가타겟,경기 하남시 미사2동 행정복지센터,8875,8119,850,179,94719
메가타겟,대전 중구 부사동 행정복지센터,6938,10040,849,126,60317
메가타겟,인천 미추홀구 주안7동 행정복지센터,9355,7627,849,252,98095
메가타겟,경기 고양시 일산서구 주엽2동 행정복지센터,8324,8557,844,267,101916
메가타겟,충남 천안시 동남구 신방동 행정복지센터,9862,6988,842,139,54436
메가타겟,대구 남구 대명1동 행정복지센터,5873,10939,841,243,71460
메가타겟,대전 중구 용두동 행정복지센터,7177,9612,839,224,88466
메가타겟,대구 남구 봉덕1동 행정복지센터,8126,8624,838,357,82233
메가타겟,인천 남동구 만수3동 행정복지센터,8818,7934,838,222,118960
메가타겟,대전 중구 유천2동 행정복지센터,7477,9256,837,232,83101
메가타겟,인천 미추홀구 학익1동 행정복지센터,7453,9284,837,223,88550
메가타겟,광주 북구 신안동 행정복지센터,8129,8605,837,286,86266
메가타겟,경기 수원시 권선구 세류1동 행정복지센터,6923,9823,837,205,72086
메가타겟,광주 서구 광천동 행정복지센터,8348,8355,835,289,96161
메가타겟,대전 중구 문화1동 행정복지센터,6914,9771,834,180,73188
메가타겟,인천 남동구 구월3동 행정복지센터,8565,8048,831,295,103399
메가타겟,인천 남동구 구월4동 행정복지센터,9731,6867,830,232,73271
메가타겟,대구 남구 봉덕2동 행정복지센터,7019,9492,826,642,93744
메가타겟,대전 중구 문창동 행정복지센터,7072,9420,825,119,57124
메가타겟,인천 서구 가좌2동 행정복지센터,7539,8957,825,198,53171
메가타겟,인천 미추홀구 관교동 행정복지센터,9107,7346,823,314,115645
메가타겟,충남 천안시 동남구 중앙동 행정복지센터,9367,7087,823,146,79290
메가타겟,부산 금정구 부곡2동 행정복지센터,6841,9550,820,380,56973
메가타겟,부산 연제구 연산9동 행정복지센터,9266,7063,816,325,97685
메가타겟,대구 수성구 황금1동 행정복지센터,9315,7003,816,679,71237
메가타겟,대구 남구 대명10동 행정복지센터,5335,10939,814,223,71458
메가타겟,대구 동구 신천3동 행정복지센터,7694,8532,811,745,124011
메가타겟,경기 안양시 만안구 안양5동 행정복지센터,6462,9717,809,244,110981
메가타겟,광주 서구 양3동 행정복지센터,6756,9413,808,377,109986
메가타겟,경기 부천시 오정구 고강1동 행정복지센터,8072,8080,808,202,40982
메가타겟,광주 서구 화정1동 행정복지센터,8119,8004,806,250,76828
메가타겟,대전 중구 유천1동 행정복지센터,7678,8359,802,238,82245
메가타겟,경기 안양시 만안구 안양1동 행정복지센터,5631,10331,798,166,76605
메가타겟,경기 고양시 일산동구 풍산동 행정복지센터,8053,7866,796,284,72913
메가타겟,경기 화성시 동탄4동 행정복지센터,8818,7019,792,89,49572
메가타겟,광주 서구 농성2동 행정복지센터,7332,8337,783,276,83365
메가타겟,광주 북구 운암2동 행정복지센터,6959,8670,781,269,89437
메가타겟,대구 수성구 두산동 행정복지센터,9004,6528,777,278,54821
메가타겟,부산 금정구 구서2동 행정복지센터,7153,8337,774,380,56973
메가타겟,부산 금정구 장전2동 행정복지센터,7153,8337,774,380,56973
메가타겟,경기 성남시 분당구 구미동 행정복지센터,7312,8087,770,207,85620
메가타겟,경기 화성시 병점1동 행정복지센터,8070,7339,770,84,47284
메가타겟,대구 남구 대명5동 행정복지센터,7005,8339,767,251,62831
메가타겟,인천 연수구 연수1동 행정복지센터,7683,7653,767,161,81924
메가타겟,부산 부산진구 범천2동 주민센터,7052,8277,766,171,73053
메가타겟,부산 부산진구 범천1동 주민센터,5415,9872,764,183,73228
메가타겟,인천 연수구 청학동 행정복지센터,7556,7685,762,92,54878
메가타겟,인천 중구 도원동 행정복지센터,6310,8939,762,126,47065
메가타겟,부산 수영구 망미2동 행정복지센터,9706,5523,761,260,65279
메가타겟,부산 남구 문현2동 행정복지센터,5319,9832,758,209,82245
메가타겟,대구 서구 평리4동 행정복지센터,5803,9283,754,206,78948
메가타겟,경기 안양시 만안구 안양3동 행정복지센터,4647,10428,754,166,45681
메가타겟,경기 안양시 만안구 안양4동 행정복지센터,4647,10428,754,166,75288
메가타겟,경기 부천시 원미구 도당동 행정복지센터,7636,7448,754,248,20422
메가타겟,인천 연수구 옥련2동 행정복지센터,7556,7511,753,89,52518
메가타겟,부산 해운대구 재송1동 행정복지센터,8721,6230,748,229,77090
메가타겟,대전 중구 문화2동 행정복지센터,6607,8356,748,165,59313
메가타겟,대구 남구 봉덕3동 행정복지센터,6868,8080,747,332,72733
메가타겟,대구 서구 상중이동 행정복지센터,5522,9397,746,194,66759
메가타겟,부산 수영구 수영동 행정복지센터,8840,6045,744,206,65279
메가타겟,대구 서구 평리2동 행정복지센터,6046,8825,744,203,79329
메가타겟,경기 안양시 만안구 안양2동 행정복지센터,5437,9449,744,166,75288
메가타겟,충북 청주시 흥덕구 운천·신봉동 행정복지센터,4711,10113,741,210,61553
메가타겟,인천 중구 신흥동 행정복지센터,6310,8493,740,126,47065
메가타겟,광주 북구 중앙동 행정복지센터,6279,8474,738,283,74292
메가타겟,경기 오산시 신장1동 행정복지센터,8035,6724,738,74,38054
메가타겟,광주 북구 동림동 행정복지센터,7946,6795,737,305,97073
메가타겟,부산 동구 범일2동 행정복지센터,6006,8632,732,232,79490
메가타겟,광주 북구 운암1동 행정복지센터,6509,8090,730,225,76121
메가타겟,인천 중구 율목동 행정복지센터,6310,8183,725,126,47065
메가타겟,전북 전주시 완산구 효자1동 주민센터,6750,7546,715,391,82803
메가타겟,경기 수원시 권선구 세류3동 행정복지센터,5744,8426,708,192,72068
메가타겟,인천 동구 금창동 행정복지센터,6310,7784,705,126,47065
메가타겟,인천 연수구 선학동 행정복지센터,8072,6025,705,164,30228
메가타겟,부산 금정구 금사회동동 행정복지센터,5502,8518,701,399,76272
메가타겟,경기 부천시 오정구 성곡동 행정복지센터,6961,7032,700,375,21804
메가타겟,경기 수원시 권선구 권선1동 행정복지센터,6866,7136,700,148,54745
세대밀집,인천 연수구 옥련1동 행정복지센터,9007,10912,996,91,52518
세대밀집,인천 연수구 청학동 행정복지센터,7556,7685,762,92,54878
세대밀집,인천 연수구 옥련2동 행정복지센터,7556,7511,753,89,52518
세대밀집,충남 천안시 동남구 원성2동 행정복지센터,6472,7087,678,98,54905
세대밀집,충남 천안시 동남구 신안동 행정복지센터,5623,7853,674,70,64824
세대밀집,인천 서구 마전동 행정복지센터,7210,5750,648,84,61472
세대밀집,경기 안양시 만안구 석수1동 행정복지센터,4013,8608,631,93,65787
세대밀집,경기 안양시 만안구 충훈동 행정복지센터,4591,7473,603,93,51131
세대밀집,경기 안양시 만안구 석수2동 행정복지센터,3799,7304,555,93,65787
세대밀집,경기 김포시 장기본동 행정복지센터,5809,4435,512,97,52712
초희소형,인천 서구 당하동 행정복지센터,6841,5750,630,47,38605
초희소형,경기 안성시 안성1동 행정복지센터,2595,3463,303,44,20683
